{"plain": {"iris_left": [[0.061663912137702274, 1.297202635074041, -1.5886150548889364e-16], [0.061663912137702274, 1.2642443372073375, -1.5482527809011327e-16], [0.051165099510809206, 1.2327478993266585, -1.5096807690660156e-16], [0.051165099510809206, 1.2327478993266585, -1.5096807690660156e-16], [0.04098803597174912, 1.202216708709478, -1.4722908442025275e-16], [0.022326588877444126, 1.1770643234954143, -1.4414880561592039e-16], [0.022326588877444126, 1.1770643234954143, -1.4414880561592039e-16], [-0.13927538775929274, 1.1754695671470252, -1.4395350429017296e-16], [-0.3008773643960293, 1.1738748107986365, -1.4375820296442553e-16], [-0.3008773643960293, 1.1738748107986365, -1.4375820296442553e-16], [-0.32145020177010936, 1.1984039630523478, -1.4676215774375605e-16], [-0.3325066986390747, 1.2307544538911726, -1.5072395024941727e-16], [-0.3325066986390747, 1.2307544538911726, -1.5072395024941727e-16], [-0.3434042003530653, 1.2626397366839595, -1.5462877120062676e-16], [-0.3434042003530653, 1.297202635074041, -1.5886150548889364e-16], [-0.3434042003530653, 1.297202635074041, -1.5886150548889364e-16], [-0.3434042003530653, 1.3809273433644558, -1.6911482509063383e-16], [-0.2842653191003121, 1.440066224617209, -1.763572492537678e-16], [-0.2842653191003121, 1.440066224617209, -1.763572492537678e-16], [-0.22512643784755867, 1.499205105869962, -1.8359967341690173e-16], [-0.14140172955714442, 1.499205105869962, -1.8359967341690173e-16], [-0.14140172955714442, 1.499205105869962, -1.8359967341690173e-16], [-0.05714295177311081, 1.5, -1.83697019872103e-16], [0.002392134522583213, 1.4404649137043064, -1.7640607458520467e-16], [0.002392134522583213, 1.4404649137043064, -1.7640607458520467e-16], [0.061663912137702274, 1.381193136089187, -1.6914737531159173e-16], [0.061663912137702274, 1.297202635074041, -1.5886150548889364e-16]], "pupil_left": [[0.028918248450784702, 1.3843826487859647, -1.695379779630866e-16], [0.028918248450784702, 1.417939589961674, -1.695379779630866e-16], [0.0051899077895625895, 1.441667930622896, -1.695379779630866e-16], [0.0051899077895625895, 1.441667930622896, -1.695379779630866e-16], [-0.018538432871659523, 1.4653962712841182, -1.695379779630866e-16], [-0.05209537404736882, 1.4653962712841182, -1.695379779630866e-16], [-0.05209537404736882, 1.4653962712841182, -1.695379779630866e-16], [-0.08565231522307812, 1.4653962712841182, -1.695379779630866e-16], [-0.10938065588430024, 1.441667930622896, -1.695379779630866e-16], [-0.10938065588430024, 1.441667930622896, -1.695379779630866e-16], [-0.13310899654552236, 1.417939589961674, -1.695379779630866e-16], [-0.13310899654552236, 1.3843826487859647, -1.695379779630866e-16], [-0.13310899654552236, 1.3843826487859647, -1.695379779630866e-16], [-0.13310899654552236, 1.3508257076102554, -1.695379779630866e-16], [-0.10938065588430024, 1.3270973669490334, -1.695379779630866e-16], [-0.10938065588430024, 1.3270973669490334, -1.695379779630866e-16], [-0.08565231522307817, 1.3033690262878113, -1.695379779630866e-16], [-0.05209537404736884, 1.3033690262878113, -1.695379779630866e-16], [-0.05209537404736884, 1.3033690262878113, -1.695379779630866e-16], [-0.01853843287165951, 1.3033690262878113, -1.695379779630866e-16], [0.0051899077895625825, 1.3270973669490334, -1.695379779630866e-16], [0.0051899077895625825, 1.3270973669490334, -1.695379779630866e-16], [0.028918248450784688, 1.3508257076102554, -1.695379779630866e-16], [0.028918248450784702, 1.3843826487859647, -1.695379779630866e-16], [-0.06789098458377477, 1.4244823460718168, -1.695379779630866e-16], [-0.06789098458377477, 1.4345494284245295, -1.695379779630866e-16], [-0.0750094867821414, 1.441667930622896, -1.695379779630866e-16], [-0.0750094867821414, 1.441667930622896, -1.695379779630866e-16], [-0.08212798898050803, 1.4487864328212627, -1.695379779630866e-16], [-0.09219507133322083, 1.4487864328212627, -1.695379779630866e-16], [-0.09219507133322083, 1.4487864328212627, -1.695379779630866e-16], [-0.10226215368593361, 1.4487864328212627, -1.695379779630866e-16], [-0.10938065588430024, 1.441667930622896, -1.695379779630866e-16], [-0.10938065588430024, 1.441667930622896, -1.695379779630866e-16], [-0.11649915808266689, 1.4345494284245295, -1.695379779630866e-16], [-0.11649915808266689, 1.4244823460718168, -1.695379779630866e-16], [-0.11649915808266689, 1.4244823460718168, -1.695379779630866e-16], [-0.11649915808266689, 1.4144152637191039, -1.695379779630866e-16], [-0.10938065588430024, 1.4072967615207372, -1.695379779630866e-16], [-0.10938065588430024, 1.4072967615207372, -1.695379779630866e-16], [-0.10226215368593362, 1.4001782593223706, -1.695379779630866e-16], [-0.09219507133322083, 1.4001782593223706, -1.695379779630866e-16], [-0.09219507133322083, 1.4001782593223706, -1.695379779630866e-16], [-0.08212798898050802, 1.4001782593223706, -1.695379779630866e-16], [-0.07500948678214141, 1.4072967615207372, -1.695379779630866e-16], [-0.07500948678214141, 1.4072967615207372, -1.695379779630866e-16], [-0.06789098458377477, 1.4144152637191039, -1.695379779630866e-16], [-0.06789098458377477, 1.4244823460718168, -1.695379779630866e-16]], "iris_right": [[0.6464079065469471, 1.297202635074041, -1.5886150548889364e-16], [0.6464079065469471, 1.2642443372073386, -1.548252780901134e-16], [0.6359090939200538, 1.2327478993266585, -1.5096807690660156e-16], [0.6359090939200538, 1.2327478993266585, -1.5096807690660156e-16], [0.6257320303809935, 1.2022167087094768, -1.4722908442025266e-16], [0.6070705832866891, 1.1770643234954143, -1.4414880561592039e-16], [0.6070705832866891, 1.1770643234954143, -1.4414880561592039e-16], [0.44546860664995247, 1.1754695671470252, -1.4395350429017296e-16], [0.2838666300132159, 1.1738748107986365, -1.4375820296442553e-16], [0.2838666300132159, 1.1738748107986365, -1.4375820296442553e-16], [0.2632937926391352, 1.1984039630523478, -1.467621577437561e-16], [0.2522372957701701, 1.2307544538911726, -1.5072395024941727e-16], [0.2522372957701701, 1.2307544538911726, -1.5072395024941727e-16], [0.24133979405617992, 1.2626397366839583, -1.5462877120062666e-16], [0.24133979405617992, 1.297202635074041, -1.5886150548889364e-16], [0.24133979405617992, 1.297202635074041, -1.5886150548889364e-16], [0.24133979405617992, 1.3809273433644558, -1.6911482509063383e-16], [0.3004786753089331, 1.440066224617209, -1.763572492537678e-16], [0.3004786753089331, 1.440066224617209, -1.763572492537678e-16], [0.3596175565616862, 1.499205105869962, -1.8359967341690173e-16], [0.44334226485210076, 1.499205105869962, -1.8359967341690173e-16], [0.44334226485210076, 1.499205105869962, -1.8359967341690173e-16], [0.5276010426361347, 1.5, -1.83697019872103e-16], [0.5871361289318284, 1.4404649137043064, -1.7640607458520467e-16], [0.5871361289318284, 1.4404649137043064, -1.7640607458520467e-16], [0.6464079065469471, 1.381193136089187, -1.6914737531159178e-16], [0.6464079065469471, 1.297202635074041, -1.5886150548889364e-16]],